<application>
  <component name="UISettings">
    <option name="ACTIVATE_RIGHT_EDITOR_ON_CLOSE" value="true" />
    <option name="COLOR_BLINDNESS" value="deuteranopia" />
    <option name="DIFFERENTIATE_PROJECTS" value="false" />
    <option name="MARK_MODIFIED_TABS_WITH_ASTERISK" value="true" />
    <option name="MAX_LOOKUP_WIDTH2" value="701" />
    <option name="NAVIGATION_BAR_LOCATION" value="TOP" />
    <option name="SHOW_NAVIGATION_BAR_MEMBERS" value="false" />
    <option name="SHOW_NAVIGATION_BAR" value="false" />
    <option name="SHOW_NEW_MAIN_TOOLBAR" value="false" />
    <option name="UI_DENSITY" value="COMPACT" />
    <option name="CONTRAST_SCROLLBARS" value="true" />
  </component>
</application>